Symbol,Name,Price,3-Month Avg Volume,1-Year Target,Yield,Annual Dividend,Earnings per Share,P/E Ratio,Market Cap,52-Week High,52-Week Low
ANF,Abercrombie & Fitch Company,$18.87,"3,006,282",$20.08,4.78%,$0.80,$0.54,34.75,"1,242,457,472",$29.69,$15.28
AMZN,"Amazon.com, Inc.",$1668.40,"6,668,059",$2136.26,–,–,$17.85,93.48,"815,795,863,552",$2050.50,$1136.08
AEO,"American Eagle Outfitters, Inc.",$19.89,"4,304,545",$25.80,2.63%,$0.55,$1.43,13.89,"3,527,809,536",$29.88,$15.92
BKS,"Barnes & Noble, Inc.",$6.94,"1,604,115",$7.25,8.65%,$0.60,-$1.78,–,"507,799,136",$7.71,$4.10
BBBY,Bed Bath & Beyond Inc.,$12.28,"5,476,632",$15.00,5.01%,$0.64,$2.54,4.84,"1,695,254,016",$24.74,$11.99
BBY,"Best Buy Co., Inc.",$62.26,"3,836,601",$73.89,2.79%,$1.80,$3.82,16.32,"17,093,981,184",$84.37,$60.07
BBW,"Build-A-Bear Workshop, Inc.",$5.56,"75,637",$11.00,–,–,$0.50,11.12,"81,105,384",$10.45,$5.51
BURL,"Burlington Stores, Inc.",$166.25,"1,233,101",$182.95,–,–,$6.35,26.18,"11,206,563,840",$180.27,$108.31
KMX,CarMax Inc,$64.05,"1,732,070",$85.31,–,–,$4.03,15.89,"11,184,475,136",$81.67,$57.05
0400.HK,COGOBUY,HK$3.08,"840,822",HK$3.16,–,–,–,–,"4,518,175,232",HK$4.85,HK$2.48
TCS,Container Store (The),$5.34,"344,710",$6.00,–,–,$0.51,10.51,"261,197,024",$12.42,$3.57
COST,Costco Wholesale Corporation,$226.35,"2,503,026",$243.78,0.99%,$2.28,$7.09,31.93,"99,188,383,744",$245.16,$175.79
DG,Dollar General Corporation,$104.10,"2,546,984",$117.75,1.04%,$1.16,$6.43,16.18,"27,642,089,472",$118.45,$85.54
DLTR,"Dollar Tree, Inc.",$86.25,"3,864,684",$95.71,–,–,$7.19,11.99,"20,524,912,640",$116.65,$78.78
FIVE,"Five Below, Inc.",$104.58,"1,047,804",$129.94,–,–,$2.23,46.98,"5,827,919,360",$136.13,$60.00
FL,"Foot Locker, Inc.",$54.93,"3,031,070",$58.57,2.71%,$1.38,$2.85,19.31,"6,311,237,120",$59.40,$38.17
GPS,"Gap, Inc. (The)",$26.92,"5,023,051",$30.10,3.75%,$0.97,$2.38,11.32,"10,268,203,008",$35.68,$24.25
GRDZF,GIORDANO INTL LTD,$0.46,370,–,–,–,$0.04,11.22,"726,123,840",$0.64,$0.46
HIBB,"Hibbett Sports, Inc.",$15.57,"751,378",$19.50,–,–,$1.93,8.08,"288,920,032",$29.60,$14.86
LE,"Lands' End, Inc.",$21.23,"317,153",$21.00,–,–,$1.00,21.32,"683,867,136",$31.15,$13.02
LOOK.L,LOOKERS PLC ORD  5P,£0.94,"702,343",£1.34,4.35%,£0.00,£0.12,7.67,"367,588,020",£1.14,£0.79
M,Macy's Inc,$32.42,"7,948,843",$36.06,4.72%,$1.51,$5.47,5.93,"9,959,422,976",$41.99,$22.47
NXT.L,NEXT PLC ORD 10P,£48.22,"649,742",£54.28,3.11%,£0.02,£4.25,11.40,"6,502,901,366",£62.24,£41.87
PIR,"Pier 1 Imports, Inc.",$1.39,"997,531",$1.27,–,–,-$0.72,–,"114,688,896",$5.92,$1.34
SSI,"Stage Stores, Inc.",$1.39,"117,281",$1.00,12.58%,$0.20,-$2.67,–,"39,313,368",$3.25,$1.38
TLRD,"Tailored Brands, Inc.",$23.02,"1,371,243",$34.50,3.14%,$0.72,$1.97,11.70,"1,149,011,072",$35.94,$16.91
TGT,Target Corporation,$69.31,"5,458,420",$84.47,3.80%,$2.56,$6.03,11.50,"36,168,310,784",$90.39,$60.50
TJX,"TJX Companies, Inc. (The)",$47.17,"8,218,600",$54.48,1.70%,$0.78,$2.44,19.30,"58,374,287,360",$56.64,$36.41
ULTA,"Ulta Beauty, Inc.",$291.13,"999,132",$319.52,–,–,$10.25,28.41,"17,400,956,928",$322.49,$191.70
URBN,"Urban Outfitters, Inc.",$37.50,"2,411,564",$45.71,–,–,$1.94,19.37,"4,036,462,592",$52.50,$31.20
ATV,"Acorn International, Inc. ADS",$27.93,"6,007",$4.00,–,–,$3.76,7.42,"72,086,216",$38.86,$13.50
AMCN,AirMedia Group Inc - American D,$0.25,"401,898",$6.90,–,–,-$1.96,–,"15,741,415",$2.07,$0.25
CMCSA,Comcast Corporation,$37.69,"23,564,210",$43.83,1.97%,$0.76,$5.18,7.27,"171,471,028,224",$44.00,$30.43
DJCO,Daily Journal Corp. (S.C.),$236.99,"1,073",–,–,–,$9.02,26.26,"327,223,936",$257.70,$212.20
DIS,Walt Disney Company (The),$112.87,"8,062,759",$122.91,1.52%,$1.76,$8.36,13.50,"168,026,177,536",$120.20,$97.68
IMAX,Imax Corporation,$18.51,"642,295",$26.96,–,–,$0.41,45.48,"1,158,452,096",$26.10,$18.13
P,"Pandora Media, Inc.",$8.57,"10,057,531",$9.41,–,–,-$1.40,–,"2,311,971,840",$10.07,$4.09
RLJE,"RLJ Entertainment, Inc.",$6.25,"11,331",$8.00,–,–,-$0.59,–,"141,371,872",$6.34,$3.56
AOBC,American Outdoor Brands Corpora,$11.82,"1,076,250",$15.08,–,–,$0.55,21.61,"642,877,952",$15.95,$8.32
BAJAJ-AUTO.BO,BAJAJ AUTO LTD.,₹2761.90,"30,702",–,2.22%,₹60.00,₹155.00,17.82,"801,801,633,792",₹3472.60,₹2425.00
CCL.L,CARNIVAL PLC ORD USD 1.66,£45.21,"959,058",£0.72,3.38%,£0.02,£4.47,10.20,"31,474,794,025",£50.90,£41.21
CAKE,The Cheesecake Factory Incorpor,$46.68,"767,725",$52.29,2.63%,$1.32,$3.03,15.41,"2,051,782,016",$60.19,$43.26
601888.SS,CHINA INTL TRAVEL,CN¥59.29,"10,129,014",CN¥71.25,–,–,–,–,"115,762,544,640",CN¥76.03,CN¥39.73
CMG,"Chipotle Mexican Grill, Inc.",$468.35,"693,406",$467.96,–,–,$6.72,69.71,"13,014,181,888",$530.68,$247.52
DFRG,"Del Frisco's Restaurant Group, ",$6.78,"423,406",$8.33,–,–,-$3.76,–,"225,921,808",$18.85,$5.86
DPZ,Domino's Pizza Inc,$266.02,"591,784",$294.10,0.79%,$2.20,$7.88,33.77,"11,063,771,136",$305.34,$177.24
GPIC,Gaming Partners International C,$13.00,"8,740",$8.00,–,–,$0.55,23.64,"104,597,608",$13.44,$7.69
HOG,"Harley-Davidson, Inc.",$41.86,"2,448,812",$42.64,3.50%,$1.48,$3.21,13.03,"6,749,045,760",$56.50,$35.76
HEROMOTOCO.BO,HERO MOTOCORP LTD.,₹3055.10,"22,391",₹3385.84,2.71%,₹80.00,₹186.29,16.40,"610,161,590,272",₹3862.00,₹2648.70
HSW.L,HOSTELWORLD GROUP PLC ORD EUR0.,£2.00,"646,633",£0.04,8.35%,£0.00,£0.11,18.60,"191,141,600",£4.25,£1.64
H,Hyatt Hotels Corporation Class ,$70.05,"779,651",$82.63,0.86%,$0.60,$6.75,10.37,"7,527,292,928",$84.89,$64.82
IHG,Intercontinental Hotels Group A,$54.03,"211,132",$54.00,1.95%,$1.07,$3.03,17.81,"9,892,945,920",$69.23,$50.84
JUBLFOOD.BO,JUBILANT FOODWORKS LTD,₹1323.35,"83,684",₹1358.10,0.20%,₹2.50,₹14.87,88.99,"175,121,547,264",₹1575.00,₹822.45
LVS,Las Vegas Sands Corp.,$55.57,"5,560,950",$66.68,5.91%,$3.00,$4.80,11.57,"43,529,924,608",$81.45,$48.64
LCII,LCI Industries,$72.21,"206,518",$100.00,3.35%,$2.40,$5.71,12.64,"1,820,962,816",$132.73,$66.49
MAR,Marriott International,$113.50,"2,432,860",$137.23,1.40%,$1.64,$4.22,26.92,"38,718,255,104",$149.21,$106.96
MCD,McDonald's Corporation,$185.04,"4,040,906",$194.44,2.46%,$4.64,$6.58,28.12,"142,649,180,160",$190.88,$146.84
NCLH,Norwegian Cruise Line Holdings ,$48.77,"2,488,917",$64.12,–,–,$3.97,12.28,"10,810,309,632",$61.18,$41.61
OTB.L,ON THE BEACH GROUP PLC ORD 1P,£3.99,"388,507",£6.14,0.71%,£0.00,£0.17,24.20,"522,861,570",£6.50,£3.84
PZZA,"Papa John's International, Inc.",$45.91,"1,211,623",$59.33,1.88%,$0.90,$1.32,34.70,"1,448,084,096",$69.45,$38.05
PLNT,"Planet Fitness, Inc.",$55.63,"1,229,317",$56.92,–,–,$0.68,81.45,"5,431,323,648",$58.50,$28.98
RLH,Red Lions Hotels Corporation,$8.36,"94,984",$15.13,–,–,$0.41,20.24,"205,370,080",$14.75,$7.80
SHALF,SHANGRI-LA ASIA,$1.39,36,–,–,–,$0.07,19.86,"5,085,551,104",$1.41,$1.36
SBUX,Starbucks Corporation,$66.65,"12,649,484",$66.80,2.16%,$1.44,$3.24,20.57,"82,685,992,960",$68.98,$47.37
TXRH,"Texas Roadhouse, Inc.",$64.77,"770,282",$64.13,1.51%,$1.00,$2.18,29.70,"4,634,306,048",$75.24,$49.92
WEN,Wendy's Company (The),$17.45,"4,229,471",$19.48,1.92%,$0.34,$2.43,7.19,"4,131,601,664",$18.68,$14.80
WTB.L,WHITBREAD PLC ORD 76 122/153P,£45.45,"953,110",£48.09,2.26%,£0.01,£2.38,19.10,"8,310,259,800",£48.00,£36.06
YUM,"Yum! Brands, Inc.",$90.68,"2,032,517",$94.83,1.56%,$1.44,$4.90,18.50,"28,319,547,392",$93.24,$75.88
APTV,Aptiv PLC Ordinary Shares,$71.58,"2,576,659",$97.64,1.19%,$0.88,$4.05,17.68,"18,859,325,440",$103.23,$70.41
BWA,BorgWarner Inc.,$37.65,"2,420,431",$49.22,1.72%,$0.68,$2.64,14.27,"7,841,478,656",$58.22,$35.71
BOSCHLTD.BO,BOSCH LTD.,₹18400.95,"1,047",₹20275.00,0.53%,₹100.00,₹449.24,40.96,"561,609,834,496",₹22400.00,₹16990.40
CAAS,"China Automotive Systems, Inc.",$2.37,"23,778",$6.00,–,–,-$1.06,–,"74,996,280",$5.23,$2.00
F,Ford Motor Company,$9.18,"47,594,221",$9.89,6.57%,$0.60,$1.55,5.92,"36,517,122,048",$13.48,$8.17
GM,General Motors Company,$36.52,"14,316,096",$45.20,4.28%,$1.52,$0.52,69.96,"51,544,326,144",$45.52,$30.56
HMC,"Honda Motor Company, Ltd.",$27.68,"778,723",$35.04,3.24%,$0.91,$5.79,4.78,"48,767,733,760",$37.29,$26.04
M&M.BO,MAHINDRA & MAHINDRA LTD.,₹717.60,"192,542",–,0.95%,₹7.50,–,–,"780,189,040,640",₹1390.00,₹683.50
MARUTI.BO,MARUTI SUZUKI INDIA LTD.,₹7559.55,"76,035",₹9933.63,1.09%,₹80.00,₹260.86,28.98,"2,282,696,736,768",₹10000.00,₹6501.65
TATAMOTORS.BO,TATA MOTORS LTD.,₹169.20,"1,601,196",₹267.75,–,–,₹26.47,6.39,"541,925,605,376",₹443.55,₹164.55
TSLA,"Tesla, Inc.",$359.70,"9,747,376",$327.67,–,–,-$10.56,–,"61,772,357,632",$387.46,$244.59
TM,Toyota Motor Corporation,$120.88,"226,400",$143.66,3.74%,$4.38,$16.36,7.39,"171,098,390,528",$140.99,$114.14
AVP,"Avon Products, Inc.",$2.06,"4,246,129",$2.33,–,–,$0.28,7.36,"911,261,568",$2.99,$1.38
BATAINDIA.BO,BATA INDIA LTD.,₹1051.70,"54,444",₹926.44,0.40%,₹4.00,₹17.16,61.30,"135,172,890,624",₹1116.00,₹656.80
CHKE,Cherokee Inc.,$0.64,"164,004",$0.85,–,–,-$4.29,–,"9,088,844",$2.50,$0.38
DFBG,CENTRIC BRANDS INC,$5.09,"66,202",$7.00,–,–,-$0.90,–,"71,664,656",$6.89,$0.70
HAS,"Hasbro, Inc.",$88.41,"1,391,915",$105.79,2.62%,$2.52,$1.63,54.37,"11,184,484,352",$109.60,$79.00
EL,"Estee Lauder Companies, Inc. (T",$144.09,"2,215,740",$154.92,1.21%,$1.72,$3.15,45.77,"52,283,486,208",$158.80,$121.93
LULU,lululemon athletica inc.,$133.62,"1,891,457",$163.14,–,–,$2.58,51.73,"17,687,412,736",$164.79,$66.05
MAT,"Mattel, Inc.",$13.56,"3,911,179",$14.38,–,–,-$2.40,–,"4,680,247,808",$18.88,$12.21
MOV,Movado Group Inc.,$41.51,"201,514",$56.00,2.13%,$0.80,$0.03,"1,596.54","960,956,480",$53.73,$28.15
NKE,"Nike, Inc.",$75.79,"7,780,332",$87.58,1.17%,$0.88,$1.26,60.06,"120,362,852,352",$86.04,$59.65
REV,"Revlon, Inc. New",$22.86,"245,157",$18.00,–,–,-$5.71,–,"1,207,849,344",$29.62,$14.00
TIF,Tiffany & Co.,$90.89,"2,002,501",$120.08,2.15%,$2.20,$3.61,25.19,"11,079,218,176",$141.64,$89.03
UAA,"Under Armour, Inc. Class A",$23.34,"5,254,029",$21.42,–,–,-$0.31,–,"10,069,856,256",$24.96,$12.50
VFC,V.F. Corporation,$80.34,"2,544,690",$98.52,2.51%,$2.04,$2.93,27.43,"31,879,393,280",$97.00,$70.50
VRA,"Vera Bradley, Inc.",$11.19,"507,887",$16.67,–,–,$0.46,24.27,"393,402,336",$17.38,$9.02
HRB,"H&R Block, Inc.",$27.52,"2,753,759",$25.43,3.58%,$1.00,$2.81,9.79,"5,655,938,048",$29.81,$22.45
CPG,Crescent Point Energy Corporati,$3.14,"2,081,750",$8.85,6.42%,$0.27,-$0.39,–,"1,729,157,120",$9.25,$2.85
EDU,New Oriental Education & Techno,$59.95,"2,219,354",$77.36,–,–,$1.64,36.49,"9,513,526,272",$108.40,$51.21
NTRI,NutriSystem Inc,$35.98,"667,501",$47.14,2.81%,$1.00,$1.86,19.35,"1,050,148,224",$55.10,$26.06
PSON,PETROSONIC ENERGY,$0.00,"80,853",–,–,–,-$0.01,–,"9,045",$0.01,$0.00
TAL,TAL Education Group American De,$28.40,"5,654,037",$34.53,–,–,$0.43,66.36,"16,111,120,384",$47.63,$21.08
CPB,Campbell Soup Company,$38.59,"3,133,270",$37.33,3.62%,$1.40,$0.59,65.41,"11,602,315,264",$50.66,$32.63
BORN,China New Borun Corporation Ame,$0.93,"37,854",–,–,–,$0.74,1.26,"24,008,396",$1.57,$0.91
KO,Coca-Cola Company (The),$49.58,"12,851,600",$51.59,3.10%,$1.56,$0.66,75.35,"211,037,765,632",$50.84,$41.45
CORE,"Core-Mark Holding Company, Inc.",$25.84,"382,093",$33.71,1.67%,$0.44,$0.95,27.20,"1,180,983,552",$40.12,$17.10
GIS,"General Mills, Inc.",$40.27,"5,026,482",$47.83,4.63%,$1.96,$3.59,11.21,"24,010,182,656",$60.69,$40.21
HSY,The Hershey Company,$108.10,"1,232,434",$101.33,2.67%,$2.89,$4.84,22.35,"22,680,244,224",$115.82,$89.10
ITC.BO,ITC LTD.,₹275.25,"690,198",–,1.80%,₹5.15,₹9.20,29.92,"3,364,766,089,216",₹322.70,₹250.50
JJSF,J & J Snack Foods Corp.,$150.64,"64,332",$158.33,1.17%,$1.80,$5.51,27.34,"2,827,874,304",$162.80,$125.98
K,Kellogg Company,$61.74,"2,490,584",$68.00,3.52%,$2.24,$5.31,11.62,"21,425,076,224",$74.98,$56.40
KDP,Keurig Dr Pepper Inc.,$26.45,"3,070,706",$28.00,2.26%,$0.60,$109.71,0.24,"36,741,959,680",$123.77,$20.46
600519.SS,KWEICHOW MOUTAI,CN¥610.10,"4,543,019",CN¥753.50,–,–,–,–,"766,407,540,736",CN¥803.50,CN¥509.02
MKC,"McCormick & Company, Incorporat",$151.56,"1,070,293",$130.00,1.52%,$2.28,$6.75,22.46,"19,954,237,440",$154.32,$98.34
TAP,Molson Coors Brewing Company Cl,$64.87,"2,002,095",$72.88,2.56%,$1.64,$7.52,8.63,"14,005,238,784",$85.86,$55.52
MDLZ,"Mondelez International, Inc.",$44.47,"7,498,107",$48.58,2.31%,$1.04,$2.24,19.85,"64,652,267,520",$46.54,$37.42
MNST,Monster Beverage Corporation,$57.83,"3,457,846",$62.71,–,–,$1.68,34.44,"31,977,850,880",$70.22,$47.61
FIZZ,National Beverage Corp.,$84.52,"232,442",$99.00,–,–,$3.41,24.79,"3,940,795,648",$127.32,$83.51
NESTLEIND.BO,NESTLE INDIA LTD.,₹10484.55,"7,976",₹11089.40,0.75%,₹80.00,₹163.56,64.10,"1,010,875,170,816",₹11700.00,₹6887.75
PEP,"Pepsico, Inc.",$117.80,"4,586,089",$116.21,3.21%,$3.71,$3.47,33.99,"166,282,952,704",$122.51,$95.94
SYY,Sysco Corporation,$66.13,"3,049,264",$71.07,2.31%,$1.56,$2.82,23.45,"34,373,578,752",$75.98,$56.01
TR,"Tootsie Roll Industries, Inc.",$34.31,"102,760",$19.00,1.02%,$0.36,$1.19,28.81,"2,200,135,680",$36.76,$27.45
THS,"Treehouse Foods, Inc.",$50.02,"779,845",$50.17,–,–,-$6.33,–,"2,800,985,088",$55.60,$36.35
TSN,"Tyson Foods, Inc.",$58.24,"2,532,706",$70.29,2.55%,$1.50,$8.19,7.11,"21,264,066,560",$83.85,$56.36
ULVR.L,UNILEVER PLC ORD 3 1/9P,£42.95,"3,325,981",£0.45,3.19%,£0.01,£2.53,17.00,"112,250,678,502",£45.04,£36.79
UL,Unilever PLC,$54.13,"996,945",$60.00,3.31%,$1.79,$2.53,21.42,"140,999,983,104",$58.07,$50.74
WYN.L,WYNNSTAY GROUP PLC ORD 25P,£4.18,"15,479",£5.34,3.03%,£0.00,£0.22,19.00,"82,518,875",£5.20,£3.96
CASY,"Caseys General Stores, Inc.",$126.58,"358,139",$129.90,0.90%,$1.16,$8.80,14.38,"4,632,245,760",$133.07,$90.42
CL,Colgate-Palmolive Company,$63.08,"4,542,040",$62.88,2.64%,$1.68,$2.42,26.11,"54,710,546,432",$77.91,$57.41
CVS,CVS Health Corporation,$78.91,"8,367,560",$93.10,2.52%,$2.00,$3.04,25.95,"102,046,416,896",$83.88,$60.14
GNC,"GNC Holdings, Inc. Class A",$2.77,"2,299,345",$4.33,–,–,-$2.50,–,"232,360,624",$5.71,$2.71
GODREJCP.BO,GODREJ CONSUMER PRODUCTS LTD.,₹752.20,"161,105",–,1.42%,₹10.67,₹19.86,37.88,"768,770,965,504",₹979.33,₹628.15
HINDUNILVR.BO,HINDUSTAN UNILEVER LTD.,₹1845.60,"118,039",₹1812.44,1.03%,₹18.00,₹24.08,76.65,"3,995,077,967,872",₹1852.00,₹1250.00
TIS,Orchids Paper Products Company,$1.40,"507,248",$13.50,–,–,-$1.54,25.50,"14,926,683",$15.74,$0.60
PG,Procter & Gamble Company (The),$93.31,"10,049,489",$89.22,3.13%,$2.87,$3.83,24.38,"232,473,460,736",$94.86,$70.73
RB.L,RECKITT BENCKISER GROUP PLC ORD,£66.21,"1,556,532",£70.83,2.18%,£0.01,£9.19,7.30,"46,818,152,479",£71.74,£52.55
RAD,Rite Aid Corporation,$1.04,"11,855,293",$1.25,–,–,$0.67,1.56,"1,095,348,736",$2.55,$0.98
SBRY.L,SAINSBURY (J) PLC ORD 28 4/7P,£3.07,"7,886,563",£3.20,3.34%,£0.00,£0.13,24.19,"6,755,819,985",£3.42,£2.25
SVU,SuperValu Inc.,$0.00,"584,304",$32.58,–,–,-$0.56,0.00,0,$32.50,$13.60
WDFC,WD-40 Company,$171.80,"82,648",$150.00,1.24%,$2.16,$4.64,37.03,"2,377,832,192",$184.25,$115.55
AMTX,"Aemetis, Inc",$0.75,"90,142",$2.25,–,–,-$1.49,–,"15,287,533",$3.12,$0.45
SJVN.BO,SJVN LTD,₹26.70,"50,513",–,7.71%,₹2.10,₹2.96,9.02,"105,120,309,248",₹40.15,₹24.95
BP,BP p.l.c.,$40.95,"6,996,570",$51.06,6.10%,$2.46,$2.59,15.84,"134,899,539,968",$47.83,$36.15
CVX,Chevron Corporation,$117.24,"6,687,234",$145.14,3.94%,$4.48,$7.43,15.78,"224,018,677,760",$133.88,$107.54
SNP,China Petroleum & Chemical Corp,$86.37,"194,506",$105.72,10.17%,$8.63,$9.10,9.49,"94,852,407,296",$105.61,$69.60
CEO,CNOOC Limited,$172.75,"120,657",$203.60,4.25%,$7.25,$11.50,15.02,"77,823,352,832",$202.38,$132.62
COALINDIA.BO,COAL INDIA LTD.,₹245.00,"255,117",–,6.26%,₹16.50,₹18.00,13.61,"1,524,549,156,864",₹316.55,₹239.55
CLR,"Continental Resources, Inc.",$47.65,"2,460,185",$73.13,–,–,$4.33,11.00,"17,724,467,200",$71.95,$43.53
ETP,"Energy Transfer Partners, L.P. ",$0.00,"4,997,557",$28.00,10.38%,$2.26,$1.08,0.00,0,$24.38,$15.06
XOM,Exxon Mobil Corporation,$79.43,"13,253,665",$89.09,4.15%,$3.28,$5.44,14.61,"336,291,528,704",$89.30,$72.16
GLEN.L,GLENCORE PLC ORD USD0.01,£2.97,"51,097,841",£0.05,5.16%,£0.00,£0.42,7.10,"41,270,230,426",£4.17,£2.79
HES,Hess Corporation,$54.92,"3,462,928",$71.57,1.86%,$1.00,-$9.89,–,"16,269,885,440",$74.81,$40.37
ONGC.BO,OIL AND NATURAL GAS CORPORATIO,₹143.70,"461,591",–,5.28%,₹7.40,₹17.23,8.34,"1,845,452,865,536",₹212.90,₹138.00
OKE,"ONEOK, Inc.",$60.60,"2,421,032",$73.67,5.79%,$3.42,$2.26,26.86,"24,928,475,136",$71.99,$51.28
PTR,PetroChina Company Limited,$70.78,"116,350",$96.20,1.91%,$1.36,$4.40,16.09,"197,283,659,776",$85.02,$65.69
PSX,Phillips 66,$91.40,"2,993,095",$126.22,3.60%,$3.20,$13.49,6.78,"42,146,824,192",$123.97,$88.99
RELIANCE.BO,RELIANCE INDUSTRIES LTD.,₹1154.85,"686,293",–,0.51%,₹6.00,₹63.91,18.07,"6,839,529,897,984",₹1328.75,₹861.70
RDSA.L,ROYAL DUTCH SHELL PLC 'A' ORD E,£24.07,"5,819,271",–,6.09%,£0.01,£0.03,936.58,"2,157,877,985",£25.80,£23.14
SUN,Sunoco LP Common Units represen,$27.31,"383,178",$30.54,11.81%,$3.30,$0.06,455.17,"2,253,446,400",$33.11,$24.46
TRCH,"Torchlight Energy Resources, In",$0.67,"130,857",$1.60,–,–,-$0.03,–,"47,185,644",$1.48,$0.64
TLW.L,TULLOW OIL PLC ORD 10P,£1.90,"11,022,487",£0.03,–,–,£0.15,12.50,"2,644,844,793",£2.79,£1.69
LAM.L,LAMPRELL PLC ORD 5P,£0.65,"571,400",£0.01,–,–,-£0.35,–,"222,794,920",£1.05,£0.59
NOV,"National Oilwell Varco, Inc.",$31.68,"3,608,165",$41.40,0.63%,$0.20,-$0.15,–,"12,145,067,008",$49.08,$31.30
NGS,"Natural Gas Services Group, Inc",$19.92,"38,082",$27.50,–,–,$1.46,13.64,"261,294,624",$29.35,$17.50
AFL,AFLAC Incorporated,$44.29,"3,287,195",$46.71,2.27%,$1.04,$6.38,6.94,"33,717,047,296",$48.19,$41.41
ALL,Allstate Corporation (The),$86.40,"1,895,451",$107.40,2.06%,$1.84,$10.18,8.49,"29,759,787,008",$105.36,$86.18
AV.L,AVIVA PLC ORD 25P,£3.99,"12,471,693",£5.49,6.83%,£0.00,£0.28,14.40,"15,561,886,051",£5.55,£3.90
L,Loews Corporation,$46.97,"1,372,273",$54.00,0.52%,$0.25,$3.94,11.92,"14,732,281,856",$53.59,$44.78
MFSL.BO,Max Financial Services Limited,₹432.70,"117,660",₹662.64,–,–,₹10.99,39.37,"116,286,390,272",₹610.00,₹343.95
MET,"MetLife, Inc.",$42.42,"6,546,784",$53.31,3.76%,$1.68,$5.07,8.36,"41,861,668,864",$55.21,$39.31
PRU,"Prudential Financial, Inc.",$89.18,"2,235,257",$118.07,3.84%,$3.60,$16.17,5.52,"36,831,338,496",$127.14,$88.48
WMIH,WMIH Corp.,$1.31,"5,302,834",$1.64,–,–,$0.34,3.82,"118,197,624",$1.67,$0.65
AXP,American Express Company,$107.64,"3,525,718",$116.58,1.48%,$1.56,$4.15,25.92,"91,952,766,976",$114.55,$87.54
JRJC,China Finance Online Co. Limite,$1.56,"26,195",$8.30,–,–,-$1.05,–,"36,846,576",$4.14,$1.46
DFS,Discover Financial Services,$66.38,"1,939,189",$87.64,2.26%,$1.60,$6.73,9.87,"22,301,356,032",$81.93,$66.32
EXPN.L,EXPERIAN PLC ORD USD0.10,£19.48,"2,654,409",£0.26,1.81%,£0.00,£0.87,22.50,"17,496,527,076",£19.94,£14.95
FICO,Fair Isaac Corproation,$192.56,"252,795",$216.67,–,–,$4.57,42.14,"5,575,574,528",$241.10,$152.47
HDFC.BO,HOUSING DEVELOPMENT FINANCE CO,₹1973.20,"177,157",₹2083.78,1.01%,₹20.00,₹98.88,19.96,"3,389,464,248,320",₹2051.00,₹1640.00
MA,Mastercard Incorporated,$200.49,"4,510,593",$233.92,0.50%,$1.00,$4.93,40.67,"207,064,072,192",$225.35,$144.62
MCO,Moody's Corporation,$152.45,"1,201,579",$167.92,1.11%,$1.76,$5.58,27.31,"29,210,789,888",$187.98,$139.11
PYPL,"PayPal Holdings, Inc.",$84.19,"9,890,810",$99.58,–,–,$1.73,48.66,"99,206,135,808",$93.70,$70.22
RECLTD.BO,REC LIMITED,₹105.10,"616,250",–,7.57%,₹9.15,₹23.75,4.43,"207,252,996,096",₹165.25,₹89.10
V,Visa Inc.,$138.64,"9,812,328",$164.53,0.75%,$1.00,$4.42,31.35,"305,945,182,208",$151.56,$108.26
APAM,Artisan Partners Asset Manageme,$25.42,"338,468",$30.08,9.25%,$2.40,$1.64,15.48,"1,955,888,384",$41.45,$25.04
BX,The Blackstone Group L.P. Commo,$32.71,"5,036,509",$43.67,7.72%,$2.56,$2.74,11.93,"38,966,439,936",$40.60,$30.08
CBOE,"Cboe Global Markets, Inc.",$103.90,"893,795",$114.20,1.19%,$1.24,$4.56,22.81,"11,657,787,971",$138.54,$91.10
C,"Citigroup, Inc.",$62.26,"17,199,070",$85.11,2.77%,$1.80,-$2.51,–,"152,047,632,384",$80.70,$61.12
CLIG.L,CITY OF LONDON INVESTMENT GROUP,£3.93,"35,751",£4.00,7.05%,£0.00,£0.39,10.10,"100,171,377",£4.59,£3.50
CS,Credit Suisse Group American De,$11.64,"3,326,109",$18.94,2.20%,$0.26,-$0.14,–,"29,632,763,904",$19.98,$11.56
DB,Deutsche Bank AG,$9.06,"4,962,367",$9.19,–,–,-$1.12,–,"18,704,644,096",$20.23,$9.02
GSVC,GSV Capital Corp,$6.62,"70,832",$11.19,–,–,$0.95,7.00,"131,837,296",$9.39,$5.17
ICE,Intercontinental Exchange Inc.,$79.12,"3,064,235",$86.97,1.17%,$0.96,$4.45,17.77,"45,065,486,336",$82.65,$66.92
JPM,JP Morgan Chase & Co.,$107.23,"15,284,870",$121.86,2.88%,$3.20,$8.06,13.31,"356,533,338,112",$119.33,$102.20
KKR,KKR & Co. Inc. Class A,$22.20,"6,129,464",$30.92,2.29%,$0.50,$3.16,7.02,"18,461,454,336",$28.73,$19.11
LAZ,"Lazard LTD. Lazard, LTD. Class ",$37.13,"907,903",$51.29,4.39%,$1.76,$2.50,14.83,"4,384,013,312",$60.00,$36.51
LM,"Legg Mason, Inc.",$27.65,"857,540",$31.32,4.77%,$1.36,$3.31,8.36,"2,364,860,160",$47.13,$26.10
OPY,"Oppenheimer Holdings, Inc. Clas",$26.03,"84,754",$37.00,1.56%,$0.44,$3.02,8.63,"345,615,936",$34.15,$24.30
SDR,SandRidge Mississippian Trust I,$1.08,"142,400",$3.00,19.60%,$0.20,$0.22,5.02,"53,703,004",$2.00,$0.74
SEIC,SEI Investments Company,$51.31,"723,329",$73.00,1.14%,$0.60,$3.16,16.25,"7,980,757,504",$78.35,$50.86
UBS,UBS Group AG Registered Ordinar,$13.21,"2,030,079",$19.85,4.74%,$0.65,$0.45,29.55,"49,182,019,584",$20.89,$13.01
AXISBANK.BO,AXIS BANK LTD.,₹614.55,"826,239",₹661.33,–,–,₹1.86,330.40,"1,579,276,697,600",₹676.90,₹477.50
002142.SZ,BANK OF NINGBO CO.,CN¥17.02,"17,363,977",CN¥18.01,–,–,–,–,"88,649,523,200",CN¥22.30,CN¥15.20
OZK,BANK OZK,$24.18,"1,893,401",$30.58,3.00%,$0.80,$3.48,6.95,"3,109,572,096",$53.70,$24.07
BCS,Barclays PLC,$7.90,"4,302,959",$9.98,3.10%,$0.26,$0.11,70.54,"33,987,459,072",$12.55,$7.85
BPFH,Boston Private Financial Holdin,$11.95,"556,853",$14.96,3.77%,$0.48,$0.26,45.44,"1,008,309,888",$17.85,$11.89
GBCI,"Glacier Bancorp, Inc.",$44.73,"419,954",$43.33,2.20%,$1.04,$1.80,24.91,"3,780,655,360",$47.67,$35.77
HDFCBANK.BO,HDFC BANK LTD.,₹2099.45,"216,441",–,0.61%,₹13.00,₹70.76,29.67,"5,737,796,337,664",₹2219.05,₹1800.00
HSBA.L,HSBC HOLDINGS PLC ORD $0.50 (UK,£6.76,"28,812,948",£0.09,4.73%,£0.00,£0.53,12.72,"135,112,565,031",£7.99,£5.96
ICICIBANK.BO,ICICI BANK LTD.,₹351.10,"1,080,689",–,0.42%,₹1.50,₹11.89,29.52,"2,261,716,041,728",₹375.25,₹256.50
KEY,KeyCorp,$17.45,"12,579,898",$22.21,3.71%,$0.68,$1.43,12.19,"18,052,548,608",$22.40,$16.48
LLOY.L,LLOYDS BANKING GROUP PLC ORD 10,£0.55,"198,774,905",£0.76,5.63%,£0.00,£0.06,9.72,"39,412,577,621",£0.73,£0.54
MTB,M&T Bank Corporation,$161.09,"928,032",$188.38,2.39%,$4.00,$10.99,14.66,"22,610,270,208",$197.37,$154.33
ONB,Old National Bancorp,$17.41,"836,965",$19.81,2.78%,$0.52,$0.83,21.05,"2,652,448,256",$20.95,$16.36
PNC,"PNC Financial Services Group, I",$129.51,"2,627,265",$150.09,2.79%,$3.80,$12.16,10.65,"59,759,149,056",$163.59,$116.55
RF,Regions Financial Corporation,$15.59,"13,991,376",$19.60,3.51%,$0.56,$1.44,10.84,"16,118,033,408",$20.21,$15.41
RBS.L,ROYAL BANK OF SCOTLAND GROUP PL,£2.17,"25,304,396",£3.01,1.83%,£0.00,£0.06,34.41,"26,101,635,882",£3.04,£2.09
STAN.L,STANDARD CHARTERED PLC ORD USD0,£6.08,"9,227,192",£0.09,2.09%,£0.00,£0.41,14.80,"20,085,401,600",£8.64,£5.14
SBIN.BO,STATE BANK OF INDIA,₹280.20,"1,641,726",–,–,–,-₹14.92,–,"2,503,306,903,552",₹334.80,₹232.00
WFC,Wells Fargo & Company,$51.78,"21,982,076",$61.78,3.17%,$1.72,$4.23,12.23,"243,740,884,992",$66.31,$50.02
WBK,Westpac Banking Corporation,$18.76,"424,917",$20.49,7.10%,$1.35,$1.70,11.03,"64,067,088,384",$25.59,$18.22
YESBANK.BO,YES BANK LTD.,₹173.65,"4,848,703",₹413.27,1.41%,₹2.70,₹18.09,9.60,"401,826,054,144",₹404.00,₹147.00
600007.SS,CHINA WORLD TRD CT,CN¥14.26,"744,467",CN¥17.03,–,–,–,–,"14,363,812,864",CN¥18.00,CN¥13.10
WYND,"Wyndham Destinations, Inc. Comm",$40.50,"1,280,615",$58.64,3.92%,$1.64,$9.87,4.10,"3,946,834,432",$57.77,$33.61
DLR,"Digital Realty Trust, Inc.",$113.60,"1,613,000",$126.15,3.69%,$4.04,$1.32,86.26,"24,381,173,760",$125.10,$96.56
EXR,Extra Space Storage Inc,$96.90,"1,035,668",$96.38,3.70%,$3.44,$4.16,23.28,"12,804,947,968",$101.96,$77.53
GEO,Geo Group Inc (The) REIT,$22.61,"573,717",$28.33,8.09%,$1.88,$1.22,18.53,"2,751,320,576",$28.06,$19.05
IRM,Iron Mountain Incorporated (Del,$33.92,"1,934,189",$37.40,7.19%,$2.44,$0.80,42.19,"9,708,581,888",$40.75,$30.22
DOC,Physicians Realty Trust  of Ben,$17.46,"1,294,706",$18.00,5.17%,$0.92,$0.29,60.21,"3,268,162,560",$19.03,$14.13
PSA,Public Storage,$211.81,"946,985",$202.00,3.75%,$8.00,$7.42,28.55,"36,981,178,368",$234.90,$180.48
ABBV,AbbVie Inc.,$90.55,"6,375,395",$100.58,5.00%,$4.28,$4.79,18.91,"136,207,130,624",$125.86,$77.50
AMGN,Amgen Inc.,$197.76,"2,925,715",$204.80,2.54%,$5.28,$3.21,61.65,"126,016,430,080",$210.19,$163.31
AZN.L,ASTRAZENECA PLC ORD SHS $0.25,£62.11,"2,531,932",£0.80,3.27%,£0.02,£1.91,32.60,"78,680,948,000",£64.32,£45.45
AUROPHARMA.BO,AUROBINDO PHARMA LTD.,₹796.75,"208,166",₹762.03,0.28%,₹2.25,₹37.39,21.31,"467,052,462,080",₹830.00,₹527.05
BMY,Bristol-Myers Squibb Company,$52.03,"8,144,845",$59.94,2.96%,$1.60,$0.87,59.60,"84,923,359,232",$70.05,$46.94
CGIX,"Cancer Genetics, Inc.",$0.23,"198,126",$3.00,–,–,-$0.94,–,"6,464,934",$2.54,$0.20
CPRX,"Catalyst Pharmaceuticals, Inc.",$2.30,"1,669,654",$6.50,–,–,-$0.25,–,"236,299,696",$4.29,$2.18
CELG,Celgene Corporation,$72.47,"5,719,825",$108.23,–,–,$3.84,18.87,"50,674,790,400",$110.81,$66.62
CIPLA.BO,CIPLA LTD.,₹529.15,"170,771",–,0.56%,₹3.00,₹17.46,30.31,"426,848,911,360",₹678.00,₹508.10
DRREDDY.BO,DR.REDDYS LABORATORIES LTD.,₹2670.40,"66,087",₹2569.85,0.79%,₹20.00,₹96.04,27.81,"443,262,369,792",₹2745.00,₹1888.00
ENDP,Endo International plc - Ordina,$12.06,"4,119,700",$17.04,–,–,-$4.95,–,"2,705,600,768",$18.50,$5.27
GILD,"Gilead Sciences, Inc.",$69.55,"6,961,450",$86.15,3.27%,$2.28,$1.21,57.72,"89,971,269,632",$89.54,$64.27
GSK,GlaxoSmithKline PLC,$38.34,"2,834,334",$44.30,4.87%,$1.96,$0.99,38.65,"93,045,047,296",$42.36,$34.52
GRANULES.BO,GRANULES INDIA LTD.,₹86.50,"357,185",₹130.20,0.99%,₹1.00,₹6.58,13.15,"21,992,452,096",₹150.50,₹71.75
HBIO,"Harvard Bioscience, Inc.",$3.62,"126,689",$8.50,–,–,-$0.13,–,"135,003,920",$6.70,$3.05
JNJ,Johnson & Johnson,$146.03,"7,136,867",$148.11,2.45%,$3.60,$0.57,256.64,"391,649,525,760",$148.99,$118.62
MRK,"Merck & Company, Inc.  (new)",$78.21,"11,248,103",$79.12,2.77%,$2.20,$1.24,63.33,"203,375,706,112",$80.19,$52.83
MYGN,"Myriad Genetics, Inc.",$31.59,"914,734",$39.67,–,–,$0.71,44.62,"2,361,731,584",$50.44,$27.27
NVS,Novartis AG,$90.77,"2,580,728",$98.50,3.25%,$2.98,$5.71,15.91,"208,536,813,568",$94.19,$72.30
PFE,"Pfizer, Inc.",$45.14,"22,524,268",$44.15,3.13%,$1.36,$3.96,11.40,"260,930,404,352",$46.47,$33.20
PEL.BO,PIRAMAL ENTERPRISES LTD.,₹2163.85,"77,435",₹2422.50,1.14%,₹25.00,₹248.24,8.72,"396,763,561,984",₹3302.55,₹1796.75
PBH,Prestige Consumer Healthcare In,$36.82,"384,925",$43.25,–,–,$6.42,5.74,"1,904,993,152",$39.43,$36.72
REGN,"Regeneron Pharmaceuticals, Inc.",$372.80,"702,909",$425.57,–,–,$15.62,23.87,"40,308,998,144",$416.49,$281.89
SHP.L,SHIRE PLC ORD 5P,£45.50,"3,159,867",£0.62,0.56%,£0.00,£5.25,8.70,"41,347,124,000",£48.28,£29.41
SUNPHARMA.BO,SUN PHARMACEUTICAL INDUSTRIES,₹413.60,"617,687",–,0.41%,₹2.00,₹10.15,40.75,"992,941,965,312",₹678.80,₹402.10
TEVA,Teva Pharmaceutical Industries ,$20.55,"11,363,070",$23.19,–,–,-$10.87,–,"20,934,899,712",$25.96,$14.04
ZGNX,"Zogenix, Inc.",$43.87,"564,126",$70.90,–,–,-$3.94,–,"1,841,136,128",$62.75,$32.40
ACHC,"Acadia Healthcare Company, Inc.",$33.10,"2,811,668",$41.64,–,–,$2.58,12.83,"2,921,276,672",$45.35,$28.02
AET,Aetna Inc.,$0.00,"2,758,711",$207.87,0.97%,$2.00,$11.12,0.00,0,$213.36,$166.89
AMN,AMN Healthcare Services Inc AMN,$60.42,"511,301",$65.90,–,–,$3.00,20.13,"2,831,758,336",$68.20,$46.75
MCK,McKesson Corporation,$125.05,"1,616,785",$142.23,1.29%,$1.56,$0.58,215.23,"24,431,769,600",$178.86,$117.19
MDC.L,MEDICLINIC INTERNATIONAL PLC OR,£3.43,"3,130,053",£4.49,2.22%,£0.00,-£0.83,–,"2,529,024,510",£7.12,£3.31
UNH,UnitedHealth Group Incorporated,$278.55,"3,424,029",$308.45,1.33%,$3.60,$12.75,21.86,"267,974,557,696",$287.94,$208.48
BAX,Baxter International Inc.,$67.26,"3,809,496",$73.75,1.16%,$0.76,$2.18,30.81,"35,791,802,368",$78.38,$61.05
CSII,"Cardiovascular Systems, Inc.",$29.76,"252,443",$47.75,–,–,$0.02,"1,566.32","1,032,710,720",$40.00,$20.58
GMED,"Globus Medical, Inc. Class A",$46.05,"714,518",$61.60,–,–,$1.43,32.14,"4,533,626,880",$57.83,$38.01
ILMN,"Illumina, Inc.",$334.21,"1,074,385",$359.75,–,–,$4.62,72.34,"49,128,869,888",$372.61,$207.51
SN.L,SMITH & NEPHEW PLC ORD USD0.20,£14.61,"2,974,310",£0.18,1.93%,£0.00,£0.82,17.90,"12,749,040,532",£14.75,£11.73
APD,"Air Products and Chemicals, Inc",$163.92,"1,065,710",$187.95,2.74%,$4.40,$6.78,24.17,"35,986,014,208",$175.17,$148.44
ASH,Ashland Global Holdings Inc.,$81.07,"582,028",$97.63,1.22%,$1.00,$1.80,45.01,"5,065,837,056",$86.63,$64.81
ATUL.BO,ATUL LTD.,₹3461.10,"1,621",₹3672.80,0.35%,₹12.00,₹93.21,37.13,"102,662,111,232",₹3618.00,₹2470.00
DWDP,DowDuPont Inc.,$56.49,"11,165,853",$75.08,2.63%,$1.52,$0.89,63.33,"129,601,617,920",$77.08,$51.32
EMN,Eastman Chemical Company,$77.67,"1,276,717",$98.82,2.84%,$2.24,$10.67,7.28,"10,877,062,144",$112.45,$73.95
FMC,FMC Corporation,$83.22,"1,233,903",$102.94,0.79%,$0.66,$7.41,11.22,"11,206,239,232",$98.70,$72.73
IOSP,Innospec Inc.,$68.63,"71,671",$86.50,1.25%,$0.90,$2.44,28.13,"1,676,239,616",$83.20,$62.13
JMAT.L,JOHNSON MATTHEY PLC ORD 110 49/,£28.50,"910,418",£39.42,2.71%,£0.01,£1.73,16.50,"5,471,230,272",£38.73,£27.37
PX,"Praxair, Inc.",$0.00,"3,683,835",$172.75,2.04%,$3.30,$4.81,0.00,0,$169.75,$2.50
KWR,Quaker Chemical Corporation,$197.83,"63,871",$178.80,0.72%,$1.48,$3.15,62.88,"2,637,944,320",$217.15,$137.95
AKS,AK Steel Holding Corporation,$3.09,"10,958,528",$4.83,–,–,-$0.08,–,"975,024,832",$6.80,$2.98
ACH,Aluminum Corporation of China L,$9.07,"53,410",$14.51,–,–,$0.33,27.91,"6,473,032,192",$19.41,$8.74
BLT.L,BHP BILLITON PLC ORD $0.50,£16.07,"9,132,709",£0.23,5.58%,£0.01,£0.69,23.15,"855,383,245",£18.04,£13.15
CCJ,Cameco Corporation,$11.88,"2,503,646",$10.86,0.51%,$0.06,-$0.11,–,"4,693,716,992",$12.78,$8.34
CHNR,"China Natural Resources, Inc.",$1.65,"15,198",–,–,–,-$0.18,–,"41,102,984",$4.23,$1.57
EVRH.L,EVR HOLDINGS PLC ORD GBP0.01,£0.05,"4,094,347",£0.23,–,–,-£0.01,–,"59,196,048",£0.19,£0.04
FCX,"Freeport-McMoRan, Inc.",$11.50,"20,353,729",$16.33,1.86%,$0.20,$2.17,5.31,"16,663,844,864",$20.25,$10.59
HINDALCO.BO,HINDALCO INDUSTRIES LTD.,₹221.40,"465,556",₹305.58,0.53%,₹1.20,₹27.29,8.11,"493,516,095,488",₹283.95,₹192.50
KALU,Kaiser Aluminum Corporation,$96.06,"104,826",$108.69,2.29%,$2.20,$3.13,30.73,"1,589,994,624",$119.66,$86.62
PKX,POSCO,$56.96,"199,420",$89.69,3.20%,$1.77,$8.63,6.60,"18,136,348,672",$93.12,$52.53
ROLL,RBC Bearings Incorporated,$144.53,"104,218",$164.00,–,–,$4.41,32.79,"3,462,953,216",$169.84,$111.61
RIO.L,RIO TINTO PLC ORD 10P,£37.26,"5,158,157",£0.55,6.36%,£0.02,£5.55,6.80,"61,605,239,954",£45.41,£33.99
RIO,Rio Tinto Plc,$47.38,"2,756,437",$61.50,5.42%,$2.54,$5.55,8.53,"76,038,266,880",$60.72,$45.62
RGLD,"Royal Gold, Inc.",$75.62,"534,103",$91.32,1.40%,$1.06,-$1.94,–,"4,953,798,144",$98.53,$70.16
SSRM,SSR Mining Inc.,$10.70,"746,025",$11.75,–,–,$0.21,50.95,"1,282,223,744",$11.44,$7.64
TAHO,"Tahoe Resources, Inc. Ordinary ",$3.52,"4,629,271",$6.69,–,–,-$0.74,–,"1,110,552,960",$5.63,$2.17
TATASTEEL.BO,TATA STEEL LTD.,₹515.30,"637,952",₹740.76,1.89%,₹10.00,₹156.84,3.29,"590,492,532,736",₹755.12,₹493.50
X,United States Steel Corporation,$22.57,"7,490,600",$38.73,0.78%,$0.20,$3.82,5.91,"4,000,961,024",$47.64,$21.96
VEDL.BO,VEDANTA LIMITED,₹198.45,"1,060,573",–,17.62%,₹34.00,₹20.77,9.56,"736,033,177,600",₹355.70,₹190.60
BECN,"Beacon Roofing Supply, Inc.",$33.06,"1,373,792",$33.07,–,–,$1.05,31.49,"2,253,257,216",$66.47,$24.97
FERG.L,FERGUSON PLC ORD 11 227/563P,£49.76,"910,827",£0.83,2.85%,£0.01,£5.40,9.30,"11,464,845,630",£66.01,£46.89
ROCK,"Gibraltar Industries, Inc.",$36.07,"172,926",$43.33,–,–,$2.34,15.43,"1,145,006,080",$49.10,$29.50
ULTRACEMCO.BO,ULTRATECH CEMENT LTD.,₹3963.80,"14,624",–,0.27%,₹10.50,₹69.60,56.95,"1,090,429,452,288",₹4594.30,₹3263.70
BERGEPAINT.BO,BERGER PAINTS INDIA LTD.,₹315.60,"67,115",₹305.71,0.57%,₹1.80,₹5.02,62.87,"306,458,656,768",₹349.00,₹232.00
CAR.L,CARCLO PLC ORD 5P,£0.81,"118,549",£1.10,–,–,£0.11,7.61,"59,249,292",£1.30,£0.62
CLW,Clearwater Paper Corporation,$28.96,"133,014",$48.67,–,–,$7.55,3.83,"476,713,440",$50.60,$21.55
FFHL,"Fuwei Films (Holdings) Co., Ltd",$2.25,"119,550",$357.80,–,–,-$1.34,–,"7,347,645",$4.93,$1.70
MNDI.L,MONDI PLC ORD EUR 0.20,£17.44,"2,339,729",£0.23,3.19%,£0.01,£1.62,10.80,"8,434,983,260",£22.50,£16.84
NP,"Neenah, Inc.",$65.62,"83,076",$92.50,2.38%,$1.64,$2.47,26.61,"1,106,779,776",$96.15,$65.18
NTIC,Northern Technologies Internati,$31.25,"5,504",$22.50,1.44%,$0.48,$1.43,21.85,"141,943,120",$41.90,$18.31
AAL,"American Airlines Group, Inc.",$36.69,"9,139,029",$47.79,1.04%,$0.40,$2.44,15.05,"16,898,715,648",$59.08,$30.24
ARCB,ArcBest Corporation,$37.54,"300,332",$44.90,0.79%,$0.32,$3.31,11.34,"964,406,400",$51.45,$29.40
BA,Boeing Company (The),$342.50,"4,051,142",$417.24,2.19%,$6.84,$17.04,20.11,"194,500,608,000",$394.28,$274.00
CEA,China Eastern Airlines Corporat,$32.06,"12,328",$175.07,1.26%,$0.40,$1.55,20.68,"10,867,154,944",$45.33,$25.68
ZNH,China Southern Airlines Company,$35.39,"63,400",$183.08,2.28%,$0.78,$2.25,15.73,"11,947,876,352",$70.52,$25.45
DAL,"Delta Air Lines, Inc.",$56.94,"6,799,551",$68.89,2.31%,$1.40,$5.08,11.22,"38,891,159,552",$61.32,$48.52
EZJ.L,EASYJET PLC ORD 27 2/7P,£10.95,"3,519,267",£14.76,3.50%,£0.00,£0.90,12.20,"4,333,999,138",£18.09,£10.62
GSH,Guangshen Railway Company Limit,$19.93,"9,517",$13.00,2.78%,$0.55,$1.15,17.33,"2,918,449,664",$37.43,$17.72
HTLD,"Heartland Express, Inc.",$19.08,"379,996",$18.39,0.39%,$0.08,$1.07,17.80,"1,563,159,552",$23.89,$17.38
JBLU,JetBlue Airways Corporation,$18.74,"4,708,007",$20.43,–,–,$2.19,8.56,"5,711,689,216",$23.08,$15.76
KSU,Kansas City Southern,$100.75,"1,209,226",$125.17,1.40%,$1.44,$9.92,10.16,"10,245,972,992",$120.34,$95.54
LMT,Lockheed Martin Corporation,$286.73,"1,485,650",$373.94,2.98%,$8.80,$10.75,26.68,"81,553,465,344",$363.00,$283.21
PCAR,PACCAR Inc.,$59.32,"2,131,775",$66.19,1.80%,$1.12,$6.26,9.48,"20,728,483,840",$79.69,$53.95
RR.L,ROLLS-ROYCE HOLDINGS PLC ORD SH,£8.57,"6,632,551",£9.86,1.38%,£0.00,£1.12,7.70,"16,078,862,326",£11.05,£7.47
600009.SS,S/INTL AIRPORT,CN¥51.65,"5,281,303",CN¥63.04,–,–,–,–,"99,527,483,392",CN¥64.78,CN¥41.44
SKYW,"SkyWest, Inc.",$53.81,"282,226",$66.86,0.69%,$0.40,$9.50,5.67,"2,792,486,144",$65.80,$46.99
LUV,Southwest Airlines Company,$52.80,"5,061,489",$62.41,1.21%,$0.64,$6.34,8.33,"29,689,808,896",$66.99,$47.10
SPAR,"Spartan Motors, Inc.",$7.64,"310,815",$13.33,1.25%,$0.10,$0.44,17.36,"268,737,760",$19.45,$6.70
SAVE,"Spirit Airlines, Inc.",$63.13,"1,316,354",$65.76,–,–,$4.61,13.69,"4,309,537,792",$65.35,$34.36
WNC,Wabash National Corporation,$14.53,"672,789",$17.29,2.04%,$0.32,$1.79,8.11,"814,176,896",$26.54,$12.40
ZTO,ZTO Express (Cayman) Inc. Ameri,$16.75,"1,875,989",$21.93,–,–,$0.90,18.69,"13,184,997,376",$22.67,$14.51
ASGN,ASGN Incorporated,$64.42,"588,140",$80.83,–,–,$3.38,19.06,"3,380,568,320",$94.25,$58.84
ECLERX.BO,ECLERX SERVICES LTD.,₹1071.35,"4,394",₹1321.50,0.09%,₹1.00,₹64.76,16.54,"41,283,186,688",₹1608.00,₹1000.00
FCN,"FTI Consulting, Inc.",$66.96,"345,203",$85.50,–,–,$5.09,13.16,"2,482,675,968",$81.91,$39.57
LT.BO,LARSEN & TOUBRO LTD.,₹1395.65,"186,179",₹1610.88,1.15%,₹16.00,₹57.70,24.19,"1,957,008,375,808",₹1469.60,₹1176.00
LABL,Multi-Color Corporation,$40.70,"97,195",$56.75,0.45%,$0.20,$4.17,9.77,"835,058,176",$89.70,$40.33
NCI,"Navigant Consulting, Inc.",$24.41,"363,684",$29.67,0.79%,$0.20,$3.37,7.24,"1,039,602,368",$26.10,$18.14
RBA,Ritchie Bros. Auctioneers Incor,$33.38,"349,151",$37.05,2.08%,$0.72,$1.13,29.59,"3,626,536,960",$38.77,$26.76
VRSK,"Verisk Analytics, Inc.",$120.39,"897,646",$126.47,–,–,$3.89,30.94,"19,818,602,496",$125.99,$90.60
ASH.L,ASHLEY HOUSE PLC ORD 1P,£0.12,"40,693",£0.15,–,–,£0.03,3.61,"7,313,948",£0.16,£0.09
BHEL.BO,BHARAT HEAVY ELECTRICALS LTD.,₹66.40,"829,910",₹76.33,1.53%,₹1.02,₹1.20,55.24,"243,780,960,256",₹108.00,₹64.50
BNZL.L,BUNZL PLC ORD 32 1/7P,£24.25,"1,220,409",£24.22,1.95%,£0.00,£0.99,24.60,"8,013,727,944",£24.66,£19.19
JDSHF,JARDINE STRATEGIC,$39.01,443,–,0.85%,$0.32,$4.81,8.11,"22,277,595,136",$41.13,$31.84
SMIN.L,SMITHS GROUP PLC ORD 37.5P,£14.29,"1,666,926",£16.74,3.21%,£0.00,£0.69,20.70,"5,657,939,616",£18.10,£12.57
CYD,China Yuchai International Limi,$14.11,"73,210",$29.16,5.20%,$0.73,$3.41,4.14,"576,510,592",$27.98,$12.84
PLOW,"Douglas Dynamics, Inc.",$35.49,"112,070",$46.00,2.84%,$1.06,$2.76,12.88,"805,658,560",$49.50,$35.28
MIDD,The Middleby Corporation,$111.89,"424,453",$139.43,–,–,$5.35,20.91,"6,248,687,104",$138.89,$98.06
SNA,Snap-On Incorporated,$156.49,"687,800",$180.50,2.30%,$3.80,$11.03,14.19,"8,790,903,808",$189.46,$141.63
TWI,"Titan International, Inc. (DE)",$6.26,"309,593",$10.25,0.31%,$0.02,-$0.26,–,"375,080,448",$14.53,$6.07
XRM,"Xerium Technologies, Inc. New",$0.00,"70,731",$13.00,–,–,-$0.64,0.00,0,$13.50,$3.99
ADBE,Adobe Inc.,$245.82,"3,984,417",$291.26,–,–,$4.84,50.80,"119,993,106,432",$277.61,$165.75
BABA,Alibaba Group Holding Limited A,$158.34,"22,872,884",$203.49,–,–,$3.50,45.28,"407,239,393,280",$211.70,$130.06
GOOG,Alphabet Inc.,$1050.82,"1,819,110",$1328.00,–,–,$26.65,39.43,"735,178,850,304",$1273.89,$980.64
AABA,Altaba Inc.,$64.80,"7,882,607",$80.00,–,–,$28.21,2.30,"39,048,286,208",$82.45,$55.76
AAPL,Apple Inc.,$176.69,"38,822,570",$229.82,1.64%,$2.92,$11.91,14.84,"838,464,700,416",$233.47,$150.24
ANET,"Arista Networks, Inc.",$229.73,"981,423",$298.14,–,–,$3.24,70.90,"17,327,912,960",$313.37,$207.37
BIDU,"Baidu, Inc. - American Deposita",$182.66,"2,993,309",$254.75,–,–,$12.83,14.23,"63,668,150,272",$284.22,$175.32
BNFT,"Benefitfocus, Inc.",$50.04,"242,564",$50.10,–,–,-$0.70,–,"1,599,303,424",$52.94,$21.75
CTSH,Cognizant Technology Solutions ,$70.02,"3,530,718",$83.06,1.16%,$0.80,$2.45,28.60,"40,543,535,104",$85.10,$65.14
DXC,DXC Technology Company,$62.03,"2,823,914",$88.16,1.31%,$0.76,$6.43,9.65,"17,375,469,568",$96.75,$57.59
EDGW,"Edgewater Technology, Inc.",$4.44,"24,630",$9.00,–,–,-$2.12,–,"64,875,504",$7.30,$3.86
FB,"Facebook, Inc.",$137.93,"26,034,381",$194.97,–,–,$6.64,20.79,"396,381,814,784",$218.62,$126.85
GEC,"Great Elm Capital Group, Inc.",$3.69,"38,014",$12.00,–,–,-$0.41,–,"92,777,304",$4.35,$2.88
GRPN,"Groupon, Inc.",$3.15,"7,528,764",$4.07,–,–,-$0.02,–,"1,797,957,120",$5.88,$2.80
HEXAWARE.BO,HEXAWARE TECHNOLOGIES LTD.,₹325.15,"103,241",–,3.09%,₹10.00,₹19.23,16.91,"96,911,286,272",₹557.40,₹294.80
INFY.BO,INFOSYS LTD.,₹681.45,"578,131",–,2.65%,₹17.25,₹0.57,"1,206.11","2,966,944,743,424",₹754.95,₹491.20
JUSTDIAL.BO,JUST DIAL LTD.,₹490.55,"234,069",–,–,–,₹20.95,23.42,"33,147,639,808",₹648.00,₹358.30
MANH,"Manhattan Associates, Inc.",$48.26,"510,018",$55.00,–,–,$1.54,31.36,"3,155,166,208",$62.39,$39.10
MCRO.L,MICRO FOCUS INTERNATIONAL PLC O,£15.42,"2,111,528",£0.19,5.96%,£0.01,£1.92,8.10,"6,531,742,257",£26.09,£7.82
MSFT,Microsoft Corporation,$108.52,"34,136,070",$125.15,1.66%,$1.84,$2.43,44.70,"833,023,377,408",$116.18,$81.43
MINDTREE.BO,MINDTREE LTD.,₹871.00,"88,236",₹849.35,1.43%,₹12.00,₹41.84,20.82,"143,073,951,744",₹1181.90,₹537.00
NTES,"NetEase, Inc. - American Deposi",$229.43,"937,310",$289.04,0.72%,$1.67,$6.67,34.40,"30,130,810,880",$377.64,$184.60
NIITTECH.BO,NIIT TECHNOLOGIES LTD.,₹1112.40,"56,317",₹1061.53,1.37%,₹15.00,₹57.84,19.23,"68,434,182,144",₹1425.00,₹606.00
ORCL,Oracle Corporation,$48.75,"19,822,125",$52.93,1.56%,$0.76,$0.95,51.42,"184,696,193,024",$53.48,$42.57
SGE.L,SAGE GROUP PLC ORD 1 4/77P,£5.86,"4,303,705",£6.17,2.87%,£0.00,£0.27,21.62,"6,357,453,135",£8.25,£4.91
SINA,Sina Corporation - Ordinary Sha,$65.49,"791,875",$94.10,–,–,$2.09,31.38,"4,680,602,624",$124.60,$56.67
SOHU,SOHU COM LTD,$21.31,"542,817",$25.00,–,–,-$12.08,–,"829,316,992",$47.98,$15.89
SYNT,"Syntel, Inc.",$40.99,"491,962",$38.00,–,–,$2.14,19.15,"3,401,694,720",$41.06,$20.67
TCS.BO,TATA CONSULTANCY SERVICES LTD.,₹2006.10,"180,276",–,1.38%,₹26.00,₹74.92,26.78,"7,518,682,087,424",₹2640.00,₹1248.45
NCTY,The9 Limited - American Deposit,$1.39,"551,339",$3.50,–,–,-$2.39,–,"56,209,516",$8.13,$0.83
TWTR,"Twitter, Inc.",$32.56,"24,128,520",$34.45,–,–,$1.36,24.01,"24,704,901,120",$47.79,$20.40
USAT,"USA Technologies, Inc.",$4.73,"1,219,526",$16.33,–,–,-$0.25,–,"283,804,256",$16.83,$4.64
WIPRO.BO,WIPRO LTD.,₹335.85,"358,534",₹319.41,0.62%,₹2.00,₹16.89,19.88,"1,511,953,137,664",₹340.80,₹253.50
ZNGA,Zynga Inc.,$3.55,"12,461,318",$4.69,–,–,$0.03,110.94,"3,059,681,024",$4.57,$3.20
ASTRAMICRO.BO,ASTRA MICROWAVE PRODUCTS LTD.,₹78.45,"49,399",₹140.00,1.51%,₹1.20,₹7.05,11.13,"6,794,687,488",₹129.35,₹75.00
CNTF,China TechFaith Wireless Commun,$1.86,"29,473",$1.75,–,–,-$0.88,–,"19,691,262",$4.07,$1.57
GTT,"GTT Communications, Inc.",$31.67,"642,031",$44.33,–,–,-$5.01,–,"1,732,390,144",$62.32,$30.24
UTSI,UTStarcom Holdings Corp - Ordin,$3.03,"23,540",$5.50,–,–,$0.07,45.22,"108,757,000",$6.51,$2.84
DSCV.L,DISCOVERIE GROUP PLC ORD 5P,£3.62,"119,137",£5.03,2.57%,£0.00,£0.16,23.00,"265,558,856",£4.56,£3.24
SMI,Semiconductor  Manufacturing In,$4.67,"245,296",$4.56,–,–,$0.15,32.21,"4,690,174,464",$8.70,$3.74
AEP,American Electric Power Company,$78.42,"2,740,496",$78.06,3.53%,$2.68,$3.97,19.75,"38,669,606,912",$79.31,$62.71
AWK,"American Water Works Company, I",$95.78,"865,546",$92.75,1.91%,$1.82,$2.52,37.95,"17,297,772,544",$97.35,$76.04
APU,"AmeriGas Partners, L.P.",$34.73,"259,542",$40.60,10.23%,$3.80,$1.54,22.55,"3,229,094,656",$48.37,$33.70
WTR,"Aqua America, Inc.",$34.25,"695,009",$37.44,2.57%,$0.88,$1.40,24.46,"6,094,445,056",$39.55,$32.09
T,AT&T Inc.,$30.73,"37,791,582",$34.36,6.81%,$2.00,$5.15,5.97,"223,652,937,728",$39.33,$28.85
BHARTIARTL.BO,BHARTI AIRTEL LTD.,₹312.30,"752,809",₹400.25,1.50%,₹5.00,₹1.51,206.68,"1,246,873,255,936",₹547.20,₹277.00
BT-A.L,BT GROUP PLC ORD 5P,£2.61,"32,698,082",£2.76,5.95%,£0.00,£0.23,11.49,"25,698,754,594",£2.79,£2.01
CHL,China Mobile Limited,$47.90,"958,718",$61.14,4.40%,$2.17,$4.35,11.01,"195,644,686,336",$53.23,$43.25
CHA,China Telecom Corp Ltd ADS,$53.11,"63,584",$59.03,3.03%,$1.47,$3.50,15.17,"42,836,193,280",$54.10,$41.28
CHU,China Unicom (Hong Kong) Ltd,$11.66,"459,004",$13.21,0.70%,$0.08,$0.32,36.44,"35,220,545,536",$15.19,$10.33
D,"Dominion Energy, Inc.",$75.32,"3,347,060",$74.20,4.57%,$3.34,$4.80,15.71,"49,445,548,032",$85.30,$61.53
FE,FirstEnergy Corp.,$38.55,"4,011,776",$40.19,4.05%,$1.52,-$3.47,–,"19,716,204,544",$39.38,$29.34
GAIL.BO,GAIL (INDIA) LTD.,₹349.20,"238,518",–,2.09%,₹7.18,₹21.28,16.41,"786,094,686,208",₹462.00,₹296.00
GOGO,Gogo Inc.,$3.94,"2,332,985",$6.83,–,–,-$1.80,–,"344,586,112",$11.75,$3.52
GIPCL.BO,GUJARAT INDUSTRIES POWER CO.LT,₹81.15,"12,406",₹137.00,3.33%,₹2.70,₹10.98,7.39,"12,274,019,328",₹140.75,₹68.00
HNP,Huaneng Power Intl,$25.25,"40,695",$26.00,2.51%,$0.63,$0.32,78.91,"12,652,548,096",$31.03,$20.51
KCOM.L,KCOM GROUP PLC ORD 10P,£0.60,"1,280,485",£0.90,6.43%,£0.00,-£0.01,17.55,"306,245,395",£1.07,£0.54
MTNL.BO,MAHANAGAR TELEPHONE NIGAM LTD.,₹13.58,"132,762",₹15.00,–,–,-₹47.16,–,"8,555,400,192",₹31.25,₹12.30
MSEX,Middlesex Water Company,$51.97,"36,087",$53.00,1.91%,$0.96,$1.86,27.93,"852,219,648",$53.85,$33.96
NFG,National Fuel Gas Company,$53.97,"582,300",$58.00,3.20%,$1.70,$4.53,11.91,"4,639,466,496",$59.15,$48.31
NTPC.BO,NTPC LTD.,₹140.90,"213,011",–,3.10%,₹4.78,₹12.79,11.02,"1,164,692,029,440",₹181.75,₹137.65
PCG,Pacific Gas & Electric Co.,$26.75,"10,482,450",$41.40,–,–,$0.26,101.71,"13,874,529,280",$53.89,$17.26
SRE,Sempra Energy,$116.86,"1,901,429",$125.36,3.19%,$3.58,-$1.69,–,"31,979,907,072",$127.22,$100.49
SVT.L,SEVERN TRENT PLC ORD 97 17/19P,£18.20,"1,051,345",£20.16,4.79%,£0.01,£1.08,16.90,"4,314,925,909",£21.79,£16.64
SJW,SJW Group  (DE),$55.37,"166,359",$62.50,1.75%,$1.12,$2.28,24.29,"1,142,349,568",$68.42,$51.26
SO,Southern Company (The),$47.24,"6,667,618",$46.39,5.07%,$2.40,$2.40,19.71,"48,604,766,208",$52.00,$42.38
S,Sprint Corporation,$6.16,"12,549,475",$5.72,–,–,$1.86,3.32,"25,117,892,608",$6.62,$4.81
SSE.L,SSE PLC ORD 50P,£10.82,"4,555,371",£13.42,8.47%,£0.01,£0.23,47.70,"11,071,456,800",£14.50,£10.67
TATAPOWER.BO,TATA POWER CO.LTD.,₹80.40,"648,697",₹88.00,1.70%,₹1.30,₹14.86,5.41,"217,463,521,280",₹101.75,₹59.90
UU.L,UNITED UTILITIES GROUP PLC ORD ,£7.49,"2,771,889",£8.26,5.33%,£0.00,£0.54,13.90,"5,106,682,000",£8.33,£6.49
VZ,Verizon Communications Inc.,$58.09,"17,590,112",$58.29,4.00%,$2.41,$7.82,7.42,"240,029,040,640",$61.58,$46.09
VOD.L,VODAFONE GROUP PLC ORD USD0.20 ,£1.65,"97,838,053",£0.02,8.58%,£0.00,-£0.28,15.04,"44,120,453,108",£2.40,£1.43
VOD,Vodafone Group Plc - American D,$20.72,"8,627,821",$25.26,5.12%,$1.09,-$2.82,19.22,"55,491,264,512",$32.75,$18.45
YORW,The York Water Company,$33.00,"18,340",$35.00,2.13%,$0.69,$1.02,32.35,"426,749,408",$35.65,$27.45
JVLAGRO.BO,JVL AGRO INDUSTRIES LTD.,₹6.06,"21,359",–,–,–,₹1.93,3.14,"1,017,716,416",₹39.90,₹3.26